date;symbol;action;slope;targetWeight;actualUsd;targetUsd;diffUsd;price;tradeUsd;units;portfolioValue
2013-10-01;AAPL;buy;11,235219;34,4983;0,00;3449,83;3449,83;19,85964394;3449,83;173,71067467;10000,00
2013-10-01;VOO;buy;7,707817;23,6672;0,00;2366,72;2366,72;160,88000488;2366,72;14,71111949;10000,00
2013-10-01;GLD;buy;11,639616;35,7400;0,00;3574,00;3574,00;127,73999786;3574,00;27,97874217;10000,00
2013-10-01;TLT;buy;1,984785;6,0944;0,00;609,44;609,44;107,63999939;609,44;5,66182104;10000,00
2013-11-01;AAPL;sell;11,235219;34,4031;3449,83;3390,72;-59,11;19,85964394;59,11;2,97634418;9855,88
2013-11-01;VOO;sell;8,040674;24,6211;2437,63;2426,63;-11,00;165,69999695;11,00;0,06641189;9855,88
2013-11-01;GLD;buy;11,419060;34,9660;3377,03;3446,21;69,17;120,69999695;69,17;0,57308366;9855,88
2013-12-01;VOO;sell;8,364748;25,4729;2477,15;2440,07;-37,08;169,14999390;37,08;0,21922272;9579,08
2013-12-01;GLD;sell;11,187133;34,0679;3315,44;3263,39;-52,05;116,12000275;52,05;0,44826706;9579,08
2013-12-01;TLT;sell;1,934156;5,8900;576,71;564,21;-12,50;101,86000061;12,50;0,12274355;9579,08
2013-12-01;AAPL;buy;11,351763;34,5692;3208,83;3311,41;102,58;18,79428673;102,58;5,45800654;9579,08
2014-01-01;GLD;sell;10,977299;33,5243;3374,96;3231,77;-143,19;120,08999634;143,19;1,19233034;9640,09
2014-01-01;TLT;sell;1,922388;5,8709;599,77;565,96;-33,81;108,27999878;33,81;0,31225553;9640,09
2014-01-01;AAPL;buy;11,351763;34,6679;3311,41;3342,01;30,60;18,79428673;30,60;1,62836577;9640,09
2014-01-01;VOO;buy;8,492880;25,9369;2353,95;2500,34;146,39;163,17999268;146,39;0,89713205;9640,09
2014-02-01;GLD;sell;10,800184;32,9524;3434,41;3281,53;-152,88;127,62000275;152,88;1,19790801;9958,40
2014-02-01;AAPL;buy;11,351763;34,6353;3342,01;3449,13;107,11;18,79428673;107,11;5,69922166;9958,40
2014-02-01;VOO;buy;8,711926;26,5809;2614,50;2647,04;32,54;170,63000488;32,54;0,19069521;9958,40
2014-02-01;TLT;buy;1,911206;5,8313;567,48;580,70;13,23;108,56999969;13,23;0,12181904;9958,40
2014-03-01;AAPL;sell;11,481797;34,9174;4148,86;3690,43;-458,43;22,60714340;458,43;20,27817042;10569,03
2014-03-01;VOO;buy;8,885625;27,0222;2658,21;2855,98;197,77;171,35000610;197,77;1,15420551;10569,03
2014-03-01;GLD;buy;10,614096;32,2786;3178,42;3411,54;233,11;123,61000061;233,11;1,88587881;10569,03
2014-03-01;TLT;buy;1,901219;5,7818;583,54;611,08;27,54;109,09999847;27,54;0,25247392;10569,03
2014-04-01;GLD;sell;10,434747;31,7750;3428,37;3373,78;-54,59;124,22000122;54,59;0,43946362;10617,73
2014-04-01;AAPL;buy;11,481797;34,9634;3690,43;3712,32;21,89;22,60714340;21,89;0,96813674;10617,73
2014-04-01;VOO;buy;9,027311;27,4892;2876,65;2918,73;42,08;172,58999634;32,70;0,18948587;10617,73
2014-05-01;TLT;sell;1,896404;5,7800;639,09;612,58;-26,50;114,09999847;26,50;0,23228795;10598,35
2014-05-01;GLD;buy;10,247104;31,2318;3270,85;3310,06;39,21;120,43000031;26,50;0,22007851;10598,35
2014-06-01;AAPL;sell;11,616622;35,2686;4207,88;4002,18;-205,70;25,62500000;205,70;8,02738018;11347,71
2014-06-01;GLD;sell;10,089505;30,6322;3505,71;3476,05;-29,66;128,03999329;29,66;0,23163973;11347,71
2014-06-01;VOO;buy;9,336163;28,3450;3024,65;3216,51;191,86;179,42999268;191,86;1,06926060;11347,71
2014-06-01;TLT;buy;1,895302;5,7542;609,47;652,97;43,50;113,51999664;43,50;0,38322187;11347,71
2014-07-01;AAPL;sell;11,616622;35,3740;4002,18;3954,75;-47,42;25,62500000;47,42;1,85071314;11179,84
2014-07-01;TLT;sell;1,894685;5,7695;655,62;645,02;-10,59;113,98000336;10,59;0,09294438;11179,84
2014-07-01;VOO;buy;9,407489;28,6469;3172,23;3202,68;30,45;176,96000671;30,45;0,17204525;11179,84
2014-07-01;GLD;buy;9,920677;30,2096;3349,81;3377,39;27,57;123,38999939;27,57;0,22346379;11179,84
2014-08-01;VOO;sell;9,537426;29,0638;3329,91;3298,35;-31,56;183,99000549;31,56;0,17154049;11348,63
2014-08-01;GLD;sell;9,757450;29,7343;3390,25;3374,44;-15,81;123,86000061;15,81;0,12767066;11348,63
2014-08-01;TLT;sell;1,903945;5,8020;673,72;658,44;-15,27;119,05000305;15,27;0,12827814;11348,63
2014-08-01;AAPL;buy;11,616622;35,3999;3954,75;4017,40;62,65;25,62500000;62,65;2,44474288;11348,63
2014-09-01;AAPL;sell;11,758820;35,8263;4661,36;4194,48;-466,88;29,73250008;466,88;15,70253043;11707,84
2014-09-01;VOO;buy;9,582859;29,1966;3237,40;3418,30;180,90;180,58999634;180,90;1,00172728;11707,84
2014-09-01;GLD;buy;9,573398;29,1678;3166,02;3414,92;248,90;116,20999908;248,90;2,14181864;11707,84
2014-09-01;TLT;buy;1,906711;5,8093;643,07;680,14;37,07;116,26999664;37,07;0,31885113;11707,84
2014-10-01;VOO;sell;9,651506;29,5082;3500,45;3453,37;-47,07;184,92999268;47,07;0,25454982;11703,11
2014-10-01;TLT;sell;1,914731;5,8540;697,57;685,10;-12,47;119,25000000;12,47;0,10457659;11703,11
2014-10-01;AAPL;buy;11,758820;35,9510;4194,48;4207,38;12,90;29,73250008;12,90;0,43388174;11703,11
2014-10-01;GLD;buy;9,382854;28,6868;3310,60;3357,25;46,64;112,66000366;46,64;0,41402685;11703,11
2014-11-01;VOO;sell;9,746254;29,8698;3548,61;3524,81;-23,80;190,02999878;23,80;0,12525409;11800,57
2014-11-01;GLD;sell;9,195981;28,1834;3340,86;3325,80;-15,06;112,11000061;15,06;0,13433028;11800,57
2014-11-01;AAPL;buy;11,758820;36,0378;4207,38;4252,67;45,28;29,73250008;38,86;1,30704791;11800,57
2014-12-01;AAPL;sell;11,898877;36,4384;4586,50;4435,97;-150,53;32,11500168;150,53;4,68712593;12173,90
2014-12-01;VOO;buy;9,789817;29,9797;3494,57;3649,70;155,13;188,39999390;150,53;0,79897591;12173,90
2015-01-01;GLD;sell;8,877985;27,3086;3662,20;3395,29;-266,91;123,44999695;266,91;2,16210754;12433,04
2015-01-01;TLT;sell;1,984811;6,1053;794,43;759,07;-35,36;138,27999878;35,36;0,25573239;12433,04
2015-01-01;AAPL;buy;11,898877;36,6009;4435,97;4550,60;114,62;32,11500168;114,62;3,56920108;12433,04
2015-01-01;VOO;buy;9,748158;29,9853;3540,43;3728,08;187,65;182,99000549;187,65;1,02546554;12433,04
2015-02-01;VOO;sell;9,792743;30,2093;3936,09;3743,69;-192,40;193,19999695;192,40;0,99584411;12392,52
2015-02-01;GLD;buy;8,718123;26,8942;3194,79;3332,87;138,08;116,16000366;138,08;1,18871354;12392,52
2015-02-01;TLT;buy;2,006585;6,1900;711,04;767,10;56,06;129,52999878;54,32;0,41933228;12392,52
2015-03-01;AAPL;sell;12,029068;37,1398;4615,07;4573,62;-41,45;32,56999969;41,45;1,27257269;12314,61
2015-03-01;VOO;buy;9,775073;30,1806;3666,18;3716,62;50,44;189,19999695;41,45;0,21906814;12314,61
2015-04-01;VOO;sell;9,756629;30,2772;3744,86;3729,66;-15,21;191,10000610;15,21;0,07958066;12318,38
2015-04-01;GLD;sell;8,396695;26,0570;3255,69;3209,80;-45,90;113,47000122;45,90;0,40447550;12318,38
2015-04-01;AAPL;buy;12,029068;37,3291;4573,62;4598,34;24,71;32,56999969;24,71;0,75881981;12318,38
2015-04-01;TLT;buy;2,041991;6,3368;744,20;780,59;36,39;125,94999695;36,39;0,28891576;12318,38
2015-05-01;VOO;sell;9,742395;30,3841;3776,30;3756,31;-19,99;193,49000549;19,99;0,10331768;12362,77
2015-05-01;GLD;sell;8,244217;25,7116;3227,62;3178,67;-48,95;114,09999847;48,95;0,42899894;12362,77
2015-05-01;AAPL;buy;12,029068;37,5156;4598,34;4637,97;39,63;32,56999969;39,63;1,21673003;12362,77
2015-05-01;TLT;buy;2,048484;6,3887;760,51;789,82;29,31;122,70999908;29,31;0,23886252;12362,77
2015-06-01;VOO;sell;9,670684;30,2805;3666,04;3502,49;-163,55;188,83999634;163,55;0,86608776;11566,79
2015-06-01;GLD;sell;8,090716;25,3334;3130,47;2930,26;-200,21;112,37000275;200,21;1,78172675;11566,79
2015-06-01;TLT;sell;2,045043;6,4034;756,03;740,66;-15,36;117,45999908;15,36;0,13080374;11566,79
2015-06-01;AAPL;buy;12,130538;37,9827;4014,26;4393,38;379,13;28,19000053;379,13;13,44905459;11566,79
2015-07-01;VOO;sell;9,622956;30,3345;3578,72;3482,70;-96,01;192,94999695;96,01;0,49759621;11480,98
2015-07-01;TLT;sell;2,049977;6,4622;772,63;741,92;-30,71;122,52999878;30,71;0,25066807;11480,98
2015-07-01;GLD;buy;7,919289;24,9641;2736,25;2866,12;129,87;104,93000031;126,73;1,20771509;11480,98
2015-08-01;GLD;sell;7,764538;24,7179;2969,11;2809,60;-159,51;108,81999969;159,51;1,46580170;11366,69
2015-08-01;VOO;buy;9,465235;30,1319;3268,99;3425,00;156,00;181,11000061;156,00;0,86138246;11366,69
2015-09-01;AAPL;sell;12,228013;39,2483;4609,24;4491,05;-118,18;29,57500076;118,18;3,99609271;11442,65
2015-09-01;VOO;buy;9,261446;29,7265;3322,88;3401,50;78,62;175,71000671;78,62;0,44746457;11442,65
2015-09-01;GLD;buy;7,608391;24,4207;2759,00;2794,38;35,38;106,86000061;35,38;0,33108270;11442,65
2015-10-01;VOO;sell;9,178639;29,6741;3688,98;3498,38;-190,60;190,55999756;190,60;1,00020439;11789,33
2015-10-01;GLD;sell;7,463804;24,1301;2858,18;2844,78;-13,40;109,30000305;13,40;0,12260499;11789,33
2015-10-01;AAPL;buy;12,228013;39,5326;4491,05;4660,63;169,58;29,57500076;169,58;5,73383148;11789,33
2015-10-01;TLT;buy;2,061007;6,6631;743,43;785,54;42,11;122,77999878;42,11;0,34293949;11789,33
2015-11-01;AAPL;sell;12,228013;39,8488;4660,63;4623,90;-36,73;29,57500076;36,73;1,24197271;11603,61
2015-11-01;VOO;sell;9,094494;29,6372;3513,25;3438,99;-74,26;191,36999512;74,26;0,38804672;11603,61
2015-11-01;GLD;buy;7,301913;23,7956;2652,70;2761,14;108,44;101,91999817;108,44;1,06400683;11603,61
2015-12-01;VOO;sell;8,972766;29,4489;3359,20;3139,59;-219,61;186,92999268;219,61;1,17484194;10661,14
2015-12-01;GLD;sell;7,143622;23,4456;2748,68;2499,57;-249,11;101,45999908;249,11;2,45530182;10661,14
2015-12-01;TLT;sell;2,060332;6,7621;771,46;720,91;-50,55;120,58000183;50,55;0,41922703;10661,14
2015-12-01;AAPL;buy;12,292221;40,3434;3779,25;4301,07;521,83;24,17250061;521,83;21,58762092;10661,14
2016-01-01;GLD;sell;7,005483;23,2357;2634,82;2482,13;-152,69;106,94999695;152,69;1,42770217;10682,39
2016-01-01;TLT;sell;2,069028;6,8625;761,09;733,08;-28,01;127,30000305;28,01;0,22003154;10682,39
2016-01-01;AAPL;buy;12,292221;40,7707;4301,07;4355,28;54,21;24,17250061;54,21;2,24254916;10682,39
2016-01-01;VOO;buy;8,782941;29,1311;2985,41;3111,90;126,49;177,75000000;126,49;0,71164409;10682,39
2016-02-01;GLD;sell;6,901132;23,1036;2753,43;2534,10;-219,33;118,63999939;219,33;1,84872074;10968,41
2016-02-01;AAPL;buy;12,292221;41,1519;4355,28;4513,71;158,43;24,17250061;158,43;6,55407882;10968,41
2016-02-01;VOO;buy;8,594663;28,7732;3105,42;3155,96;50,54;177,38000488;50,54;0,28492974;10968,41
2016-02-01;TLT;buy;2,082340;6,9713;754,27;764,64;10,36;130,97999573;10,36;0,07911830;10968,41
2016-03-01;VOO;sell;8,486415;28,5451;3354,88;3223,25;-131,63;188,55999756;131,63;0,69805653;11291,78
2016-03-01;AAPL;buy;12,352335;41,5486;4661,69;4691,58;29,89;24,96500015;29,89;1,19729166;11291,78
2016-03-01;GLD;buy;6,796888;22,8622;2512,74;2581,55;68,81;117,63999939;68,81;0,58491850;11291,78
2016-03-01;TLT;buy;2,094190;7,0441;762,48;795,40;32,93;130,61000061;32,93;0,25208896;11291,78
2016-04-01;GLD;sell;6,708912;22,7078;2713,43;2594,92;-118,51;123,65000153;118,51;0,95843553;11427,46
2016-04-01;AAPL;buy;12,352335;41,8092;4691,58;4777,73;86,15;24,96500015;86,15;3,45079624;11427,46
2016-04-01;TLT;buy;2,103394;7,1194;787,91;813,57;25,66;129,38000488;25,66;0,19830115;11427,46
2016-05-01;AAPL;sell;12,352335;42,0691;4777,73;4766,36;-11,37;24,96500015;11,37;0,45546291;11329,84
2016-05-01;VOO;sell;8,291593;28,2392;3291,29;3199,45;-91,83;192,53999329;91,83;0,47696349;11329,84
2016-05-01;GLD;buy;6,605170;22,4956;2435,64;2548,72;113,08;116,05999756;109,91;0,94701364;11329,84
2016-06-01;AAPL;sell;12,411762;42,4041;5064,20;5048,34;-15,86;26,52499962;15,86;0,59777984;11905,31
2016-06-01;GLD;sell;6,527128;22,2996;2773,87;2654,83;-119,04;126,47000122;119,04;0,94124681;11905,31
2016-06-01;VOO;buy;8,197891;28,0077;3193,80;3334,40;140,59;192,19999695;134,90;0,70185015;11905,31
2016-07-01;VOO;sell;8,141056;27,9142;3451,32;3376,87;-74,45;199,27999878;74,45;0,37357190;12097,34
2016-07-01;GLD;sell;6,455701;22,1354;2707,52;2677,79;-29,73;128,97999573;29,73;0,23049547;12097,34
2016-07-01;AAPL;buy;12,411762;42,5576;5048,34;5148,34;100,00;26,52499962;100,00;3,76999392;12097,34
2016-08-01;AAPL;sell;12,411762;42,7347;5148,34;5129,70;-18,64;26,52499962;18,64;0,70277343;12003,58
2016-08-01;VOO;sell;8,080038;27,8202;3380,94;3339,43;-41,51;199,52000427;41,51;0,20806014;12003,58
2016-08-01;GLD;buy;6,376526;21,9549;2590,60;2635,38;44,78;124,77999878;44,78;0,35886639;12003,58
2016-08-01;TLT;buy;2,175402;7,4901;879,53;899,08;19,55;139,86999512;19,55;0,13976911;12003,58
2016-09-01;AAPL;sell;12,468267;43,0395;5343,40;5253,57;-89,83;27,62999916;89,83;3,25105734;12206,38
2016-09-01;VOO;buy;8,009948;27,6497;3325,53;3375,03;49,50;198,69000244;49,50;0,24912696;12206,38
2016-09-01;TLT;buy;2,190621;7,5619;883,91;923,03;39,12;137,50999451;39,12;0,28448965;12206,38
2016-10-01;AAPL;sell;12,468267;43,2900;5253,57;5205,95;-47,62;27,62999916;47,62;1,72364408;12025,74
2016-10-01;GLD;buy;6,218154;21,5895;2575,39;2596,30;20,91;121,94000244;20,91;0,17144343;12025,74
2016-10-01;TLT;buy;2,196822;7,6274;881,01;917,25;36,24;131,25000000;27,93;0,21276935;12025,74
2016-11-01;AAPL;sell;12,468267;43,5473;5205,95;5162,98;-42,96;27,62999916;42,96;1,55492919;11856,03
2016-11-01;VOO;sell;7,860543;27,4541;3438,05;3254,97;-183,08;202,39999390;183,08;0,90455511;11856,03
2016-11-01;GLD;buy;6,115320;21,3587;2379,34;2532,29;152,95;111,75000000;152,95;1,36870567;11856,03
2016-11-01;TLT;buy;2,187402;7,6398;832,69;905,78;73,09;120,23999786;73,09;0,60788243;11856,03
2016-12-01;AAPL;sell;12,541352;43,9430;6399,54;5748,86;-650,68;34,24750137;650,68;18,99930902;13082,53
2016-12-01;VOO;buy;7,812127;27,3725;3301,77;3581,02;279,25;205,30999756;279,25;1,36013869;13082,53
2016-12-01;GLD;buy;6,010230;21,0590;2483,80;2755,04;271,24;109,61000061;271,24;2,47463555;13082,53
2016-12-01;TLT;buy;2,176308;7,6255;897,42;997,60;100,18;119,12999725;100,18;0,84096356;13082,53
2017-01-01;GLD;sell;5,920658;20,8447;2904,35;2773,14;-131,21;115,55000305;131,21;1,13552302;13303,79
2017-01-01;AAPL;buy;12,541352;44,1540;5748,86;5874,16;125,30;34,24750137;125,30;3,65853815;13303,79
2017-02-01;VOO;sell;7,766679;27,4368;3786,14;3716,90;-69,24;217,07000732;69,24;0,31895382;13547,12
2017-02-01;GLD;sell;5,840618;20,6328;2861,45;2795,15;-66,31;119,23000336;66,31;0,55612543;13547,12
2017-02-01;AAPL;buy;12,541352;44,3040;5874,16;6001,92;127,76;34,24750137;127,76;3,73059581;13547,12
2017-02-01;TLT;buy;2,158829;7,6264;1019,46;1033,15;13,69;121,73999786;13,69;0,11247297;13547,12
2017-03-01;AAPL;sell;12,618454;44,6224;6692,85;6338,63;-354,22;38,18999863;354,22;9,27523226;14205,02
2017-03-01;VOO;buy;7,748771;27,4019;3704,57;3892,44;187,87;216,35000610;187,87;0,86834027;14205,02
2017-03-01;GLD;buy;5,761398;20,3739;2783,19;2894,12;110,93;118,72000122;110,93;0,93439721;14205,02
2017-03-01;TLT;buy;2,149653;7,6018;1024,41;1079,83;55,42;120,70999908;55,42;0,45915042;14205,02
2017-04-01;GLD;sell;5,687763;20,1823;2944,10;2888,12;-55,98;120,76999664;55,98;0,46350698;14310,15
2017-04-01;AAPL;buy;12,618454;44,7750;6338,63;6407,37;68,74;38,18999863;55,98;1,46576954;14310,15
2017-05-01;VOO;sell;7,722905;27,4890;3988,15;3952,95;-35,20;221,66999817;35,20;0,15879369;14380,13
2017-05-01;GLD;sell;5,615282;19,9871;2884,53;2874,17;-10,36;120,62000275;10,36;0,08589690;14380,13
2017-05-01;TLT;sell;2,137897;7,6097;1112,84;1094,28;-18,57;124,40000153;18,57;0,14924293;14380,13
2017-05-01;AAPL;buy;12,618454;44,9143;6394,60;6458,73;64,13;38,18999863;64,13;1,67914385;14380,13
2017-06-01;AAPL;sell;12,695116;45,2176;6933,96;6695,23;-238,73;41,00000000;238,73;5,82263904;14806,70
2017-06-01;VOO;buy;7,707423;27,4524;3959,91;4064,79;104,88;222,05999756;104,88;0,47231791;14806,70
2017-06-01;GLD;buy;5,539159;19,7294;2812,22;2921,28;109,06;118,01999664;109,06;0,92408503;14806,70
2017-06-01;TLT;buy;2,133913;7,6006;1100,61;1125,40;24,78;125,12000275;24,78;0,19808802;14806,70
2017-07-01;VOO;sell;7,702149;27,5122;4148,63;4112,64;-35,99;226,63999939;35,99;0,15879666;14948,39
2017-07-01;GLD;sell;5,469771;19,5381;2988,85;2920,64;-68,21;120,75000000;68,21;0,56491642;14948,39
2017-07-01;AAPL;buy;12,695116;45,3472;6695,23;6778,68;83,45;41,00000000;83,45;2,03534274;14948,39
2017-07-01;TLT;buy;2,128319;7,6024;1115,68;1136,44;20,75;124,04000092;20,75;0,16731926;14948,39
2017-08-01;GLD;sell;5,410780;19,3756;3043,27;2929,44;-113,83;125,81999969;113,83;0,90471099;15119,19
2017-08-01;TLT;sell;2,127337;7,6178;1172,63;1151,76;-20,87;127,98999786;20,87;0,16305764;15119,19
2017-08-01;AAPL;buy;12,695116;45,4603;6778,68;6873,23;94,55;41,00000000;94,55;2,30613529;15119,19
2017-08-01;VOO;buy;7,692472;27,5462;4124,61;4164,76;40,15;227,30000305;40,15;0,17663413;15119,19
2017-09-01;AAPL;sell;12,768735;45,7269;7202,23;7034,53;-167,70;42,96250153;167,70;3,90339856;15383,80
2017-09-01;GLD;buy;5,345137;19,1418;2830,72;2944,73;114,01;121,58000183;114,01;0,93776523;15383,80
2017-09-01;TLT;buy;2,122098;7,5996;1122,69;1169,10;46,41;124,76000214;46,41;0,37200760;15383,80
2017-10-01;VOO;sell;7,694137;27,6189;4326,55;4269,14;-57,41;236,13000488;57,41;0,24312733;15457,34
2017-10-01;AAPL;buy;12,768735;45,8347;7034,53;7084,82;50,29;42,96250153;50,29;1,17059490;15457,34
2017-11-01;VOO;sell;7,714920;27,7418;4399,68;4328,97;-70,71;243,35000610;70,71;0,29058275;15604,47
2017-11-01;AAPL;buy;12,768735;45,9147;7084,82;7164,74;79,92;42,96250153;79,92;1,86028925;15604,47
2017-12-01;AAPL;sell;12,838330;46,1211;7426,15;7369,44;-56,71;44,52999878;56,71;1,27355845;15978,46
2017-12-01;GLD;sell;5,156452;18,5243;2994,87;2959,90;-34,97;123,65000153;34,97;0,28281899;15978,46
2017-12-01;VOO;buy;7,733666;27,7828;4363,48;4439,27;75,79;245,28999329;75,79;0,30898239;15978,46
2017-12-01;TLT;buy;2,107695;7,5718;1188,78;1209,86;21,08;126,86000061;21,08;0,16612833;15978,46
2018-01-01;VOO;sell;7,782068;27,9678;4687,21;4553,93;-133,28;258,98999023;133,28;0,51460317;16282,76
2018-01-01;GLD;sell;5,105472;18,3484;3055,65;2987,63;-68,02;127,65000153;68,02;0,53282458;16282,76
2018-01-01;AAPL;buy;12,838330;46,1394;7369,44;7512,77;143,33;44,52999878;143,33;3,21877056;16282,76
2018-01-01;TLT;buy;2,099222;7,5443;1170,47;1228,43;57,96;122,73000336;57,96;0,47225844;16282,76
2018-02-01;AAPL;sell;12,838330;46,2296;7512,77;7401,92;-110,84;44,52999878;110,84;2,48920736;16011,22
2018-02-01;GLD;sell;5,050843;18,1876;2925,61;2912,06;-13,55;125,00000000;13,55;0,10842809;16011,22
2018-02-01;VOO;buy;7,795738;28,0717;4384,25;4494,62;110,37;249,33999634;110,37;0,44265565;16011,22
2018-02-01;TLT;buy;2,085891;7,5111;1188,59;1202,62;14,03;118,75000000;14,03;0,11811497;16011,22
2018-03-01;AAPL;sell;12,905379;46,4824;7765,54;7573,97;-191,57;46,71749878;191,57;4,10055960;16294,27
2018-03-01;TLT;sell;2,076401;7,4787;1234,52;1218,61;-15,91;121,90000153;15,91;0,13052590;16294,27
2018-03-01;VOO;buy;7,783746;28,0354;4363,75;4568,16;204,41;242,08000183;204,41;0,84437854;16294,27
2018-04-01;VOO;sell;7,768843;28,0639;4584,01;4561,55;-22,46;242,91999817;22,46;0,09247735;16254,18
2018-04-01;TLT;buy;2,063571;7,4544;1190,62;1211,64;21,03;119,09999847;21,03;0,17655411;16254,18
2018-05-01;VOO;sell;7,764255;28,1183;4671,78;4597,70;-74,08;248,78999329;74,08;0,29774386;16351,26
2018-05-01;TLT;sell;2,053269;7,4359;1233,21;1215,87;-17,34;121,22000122;17,34;0,14307673;16351,26
2018-05-01;AAPL;buy;12,905379;46,7369;7573,97;7642,08;68,11;46,71749878;68,11;1,45788871;16351,26
2018-05-01;GLD;buy;4,889899;17,7088;2867,79;2895,61;27,82;123,09999847;27,82;0,22599008;16351,26
2018-06-01;AAPL;sell;12,985125;47,0249;9308,97;8432,41;-876,55;56,90750122;876,55;15,40310398;17931,79
2018-06-01;VOO;buy;7,756093;28,0883;4611,01;5036,73;425,73;249,50999451;425,73;1,70625015;17931,79
2018-06-01;GLD;buy;4,828549;17,4863;2790,94;3135,61;344,67;118,65000153;344,67;2,90496515;17931,79
2018-06-01;TLT;buy;2,043509;7,4005;1220,88;1327,04;106,15;121,72000122;106,15;0,87209639;17931,79
2018-07-01;VOO;sell;7,764089;28,1873;5216,19;5079,04;-137,15;258,39999390;137,15;0,53075015;18018,93
2018-07-01;AAPL;buy;12,985125;47,1421;8432,41;8494,50;62,08;56,90750122;62,08;1,09091262;18018,93
2018-07-01;GLD;buy;4,764022;17,2956;3065,32;3116,49;51,17;115,98999786;51,17;0,44115769;18018,93
2018-07-01;TLT;buy;2,031436;7,3751;1305,01;1328,91;23,89;119,69999695;23,89;0,19962276;18018,93
2018-08-01;VOO;sell;7,784796;28,3213;5242,58;5134,73;-107,85;266,72000122;107,85;0,40436685;18130,27
2018-08-01;TLT;sell;2,020861;7,3519;1343,34;1332,93;-10,41;121,00000000;10,41;0,08605235;18130,27
2018-08-01;AAPL;buy;12,985125;47,2402;8494,50;8564,78;70,29;56,90750122;70,29;1,23508728;18130,27
2018-08-01;GLD;buy;4,696644;17,0865;3049,85;3097,83;47,98;113,51000214;47,98;0,42268813;18130,27
2018-09-01;VOO;sell;7,799653;28,3957;5141,08;4608,48;-532,60;267,04998779;532,60;1,99437649;16229,51
2018-09-01;GLD;sell;4,629397;16,8539;3077,36;2735,31;-342,05;112,76000214;342,05;3,03343436;16229,51
2018-09-01;TLT;sell;2,006084;7,3034;1291,84;1185,31;-106,53;117,26999664;106,53;0,90840741;16229,51
2018-09-01;AAPL;buy;13,032604;47,4470;6719,23;7700,41;981,18;44,64500046;981,18;21,97731452;16229,51
2018-10-01;AAPL;sell;13,032604;47,6408;7700,41;7591,60;-108,81;44,64500046;108,81;2,43720696;15935,08
2018-10-01;GLD;sell;4,567476;16,6964;2793,29;2660,59;-132,70;115,15000153;132,70;1,15238175;15935,08
2018-10-01;VOO;buy;7,768681;28,3985;4293,37;4525,32;231,95;248,78999329;231,95;0,93232149;15935,08
2018-11-01;VOO;sell;7,744792;28,4157;4610,63;4559,88;-50,74;253,47999573;50,74;0,20018926;16047,09
2018-11-01;GLD;sell;4,507375;16,5376;2669,60;2653,80;-15,81;115,54000092;15,81;0,13679719;16047,09
2018-11-01;AAPL;buy;13,032604;47,8167;7591,60;7673,18;81,58;44,64500046;76,10;1,70462825;16047,09
2018-12-01;GLD;sell;4,457190;16,4149;2784,95;2557,73;-227,22;121,25000000;227,22;1,87398832;15581,75
2018-12-01;TLT;sell;1,960964;7,2218;1228,16;1125,29;-102,88;121,51000214;102,88;0,84667280;15581,75
2018-12-01;AAPL;buy;13,070611;48,1363;7434,55;7500,48;65,93;43,28749847;65,93;1,52297809;15581,75
2018-12-01;VOO;buy;7,664563;28,2270;4134,08;4398,26;264,17;229,80999756;264,17;1,14953391;15581,75
2019-01-01;VOO;sell;7,624621;28,1768;4746,58;4510,59;-235,99;248,00999451;235,99;0,95153841;16008,16
2019-01-01;GLD;sell;4,412889;16,3078;2631,56;2610,59;-20,97;124,75000000;20,97;0,16811712;16008,16
2019-01-01;AAPL;buy;13,070611;48,3025;7500,48;7732,34;231,86;43,28749847;231,86;5,35627706;16008,16
2019-01-01;TLT;buy;1,951799;7,2129;1129,55;1154,65;25,10;121,97000122;25,10;0,20581955;16008,16
2019-02-01;VOO;sell;7,598917;28,1669;4657,18;4540,61;-116,57;256,07000732;116,57;0,45521715;16120,39
2019-02-01;AAPL;buy;13,070611;48,4488;7732,34;7810,13;77,79;43,28749847;77,79;1,79712536;16120,39
2019-02-01;GLD;buy;4,368120;16,1913;2594,68;2610,10;15,42;123,98999786;15,42;0,12434558;16120,39
2019-02-01;TLT;buy;1,940553;7,1930;1136,19;1159,55;23,36;120,01999664;23,36;0,19460749;16120,39
2019-03-01;VOO;sell;7,577444;28,1287;4602,14;4581,84;-20,30;259,54000854;20,30;0,07820148;16288,87
2019-03-01;TLT;sell;1,935943;7,1865;1221,57;1170,60;-50,97;126,44000244;50,97;0,40309629;16288,87
2019-03-01;AAPL;buy;13,103787;48,6433;7896,74;7923,45;26,71;43,76750183;26,71;0,61034676;16288,87
2019-03-01;GLD;buy;4,321324;16,0414;2568,42;2612,97;44,55;122,01000214;44,55;0,36513856;16288,87
2019-04-01;VOO;sell;7,572430;28,1726;4766,68;4628,91;-137,77;270,01000977;137,77;0,51025004;16430,52
2019-04-01;AAPL;buy;13,103787;48,7515;7923,45;8010,14;86,68;43,76750183;86,68;1,98057427;16430,52
2019-04-01;GLD;buy;4,274100;15,9014;2595,62;2612,69;17,07;121,19999695;17,07;0,14081163;16430,52
2019-04-01;TLT;buy;1,928392;7,1744;1144,77;1178,80;34,02;123,65000153;34,02;0,27514323;16430,52
2019-05-01;AAPL;sell;13,103787;48,9048;8010,14;7952,20;-57,93;43,76750183;57,93;1,32365633;16260,58
2019-05-01;GLD;sell;4,230627;15,7892;2658,61;2567,41;-91,19;123,33000183;91,19;0,73943791;16260,58
2019-05-01;TLT;sell;1,928691;7,1981;1256,78;1170,45;-86,33;131,83000183;86,33;0,65483535;16260,58
2019-05-01;VOO;buy;7,531390;28,1080;4335,07;4570,52;235,45;252,86999512;235,45;0,93113046;16260,58
2019-06-01;AAPL;sell;13,148171;49,0662;9481,59;8978,34;-503,26;52,18500137;503,26;9,64369690;18298,40
2019-06-01;VOO;buy;7,518291;28,0567;4864,78;5133,93;269,15;269,14999390;269,15;1,00000735;18298,40
2019-06-01;GLD;buy;4,200713;15,6762;2772,88;2868,49;95,61;133,19999695;95,61;0,71781903;18298,40
2019-06-01;TLT;buy;1,929599;7,2009;1179,15;1317,64;138,49;132,80999756;138,49;1,04277444;18298,40
2019-07-01;VOO;sell;7,508684;28,0613;5208,89;5156,09;-52,80;273,07998657;52,80;0,19336320;18374,37
2019-07-01;AAPL;buy;13,148171;49,1371;8978,34;9028,63;50,29;52,18500137;50,29;0,96368334;18374,37
2019-08-01;GLD;sell;4,153998;15,5388;3095,69;2899,47;-196,21;143,75000000;196,21;1,36496209;18659,53
2019-08-01;TLT;sell;1,942982;7,2681;1461,20;1356,19;-105,01;147,27999878;105,01;0,71298897;18659,53
2019-08-01;AAPL;buy;13,148171;49,1833;9028,63;9177,37;148,75;52,18500137;148,75;2,85037178;18659,53
2019-08-01;VOO;buy;7,487846;28,0098;5071,50;5226,49;154,99;268,60000610;154,99;0,57702703;18659,53
2019-09-01;AAPL;sell;13,209882;49,3580;11749,80;10450,41;-1299,39;66,81250000;1299,39;19,44837624;21172,68
2019-09-01;VOO;buy;7,470817;27,9143;5304,32;5910,20;605,88;272,60000610;605,88;2,22259726;21172,68
2019-09-01;GLD;buy;4,131123;15,4357;2801,04;3268,15;467,11;138,86999512;467,11;3,36363942;21172,68
2019-09-01;TLT;buy;1,951606;7,2921;1317,52;1543,93;226,41;143,08000183;226,41;1,58237363;21172,68
2019-10-01;VOO;sell;7,460509;27,8993;6039,20;5960,85;-78,35;278,54998779;78,35;0,28129505;21365,61
2019-10-01;GLD;sell;4,112304;15,3783;3351,93;3285,68;-66,26;142,42999268;66,26;0,46518824;21365,61
2019-10-01;AAPL;buy;13,209882;49,3996;10450,41;10554,52;104,12;66,81250000;104,12;1,55832034;21365,61
2019-10-01;TLT;buy;1,958189;7,3228;1524,07;1564,57;40,50;141,24000549;40,50;0,28671915;21365,61
2019-11-01;VOO;sell;7,462455;27,9241;6176,98;5994,52;-182,46;288,64999390;182,46;0,63211317;21467,24
2019-11-01;AAPL;buy;13,209882;49,4306;10554,52;10611,38;56,86;66,81250000;56,86;0,85106147;21467,24
2019-11-01;GLD;buy;4,088142;15,2976;3180,25;3283,97;103,72;137,86000061;103,72;0,75232557;21467,24
2019-11-01;TLT;buy;1,963629;7,3478;1555,48;1577,37;21,88;140,41999817;21,88;0,15583475;21467,24
2019-12-01;VOO;sell;7,471124;27,9062;6143,01;6117,85;-25,16;295,79998779;25,16;0,08506017;21922,89
2019-12-01;GLD;sell;4,069666;15,2011;3404,03;3332,51;-71,51;142,89999390;71,51;0,50044756;21922,89
2019-12-01;TLT;buy;1,964514;7,3379;1521,87;1608,67;86,80;135,47999573;86,80;0,64068372;21922,89
2020-01-01;GLD;sell;4,057863;15,1561;3482,46;3363,79;-118,68;149,33000183;118,68;0,79473670;22194,30
2020-01-01;TLT;sell;1,973571;7,3713;1732,40;1636,00;-96,40;145,89999390;96,40;0,66071243;22194,30
2020-01-01;AAPL;buy;13,266953;49,5519;10853,98;10997,71;143,72;68,33999634;143,72;2,10303665;22194,30
2020-01-01;VOO;buy;7,475443;27,9207;6115,58;6196,80;81,23;295,69000244;81,23;0,27471128;22194,30
2020-02-01;AAPL;sell;13,266953;49,6115;10997,71;10803,64;-194,06;68,33999634;194,06;2,83964440;21776,49
2020-02-01;GLD;sell;4,044711;15,1251;3342,39;3293,72;-48,67;148,38000488;48,67;0,32798861;21776,49
2020-02-01;TLT;sell;1,989185;7,4385;1741,52;1619,85;-121,67;155,30999756;121,67;0,78340054;21776,49
2020-02-01;VOO;buy;7,440840;27,8249;5694,88;6059,28;364,40;271,73999023;364,40;1,34098105;21776,49
2020-03-01;AAPL;sell;13,331475;49,8894;12565,52;11401,30;-1164,23;79,48500061;1164,23;14,64711347;22853,15
2020-03-01;VOO;buy;7,348757;27,5007;5280,63;6284,78;1004,15;236,82000732;1004,15;4,24012038;22853,15
2020-03-01;GLD;buy;4,030960;15,0848;3286,39;3447,34;160,95;148,05000305;160,08;1,08125958;22853,15
2020-04-01;VOO;sell;7,306025;27,3656;7088,35;6547,34;-541,01;267,10000610;541,01;2,02549524;23925,43
2020-04-01;GLD;sell;4,027447;15,0853;3696,72;3609,22;-87,50;158,80000305;87,50;0,55101558;23925,43
2020-04-01;AAPL;buy;13,331475;49,9347;11401,30;11947,09;545,80;79,48500061;545,80;6,86665086;23925,43
2020-04-01;TLT;buy;2,032876;7,6144;1739,06;1821,78;82,72;166,74000549;82,72;0,49607363;23925,43
2020-05-01;VOO;sell;7,280362;27,2766;6857,43;6626,71;-230,72;279,75000000;230,72;0,82472057;24294,52
2020-05-01;GLD;sell;4,027143;15,0881;3702,64;3665,58;-37,06;162,91000366;37,06;0,22748153;24294,52
2020-05-01;AAPL;buy;13,331475;49,9477;11947,09;12134,54;187,45;79,48500061;187,45;2,35834315;24294,52
2020-05-01;TLT;buy;2,051905;7,6877;1787,36;1867,68;80,32;163,58999634;80,32;0,49099390;24294,52
2020-06-01;AAPL;sell;13,433393;50,1404;19699,84;16070,60;-3629,24;129,03999329;3629,24;28,12488697;32051,21
2020-06-01;VOO;buy;7,257697;27,0895;6713,89;8682,51;1968,62;283,42999268;1968,62;6,94571157;32051,21
2020-06-01;GLD;buy;4,030106;15,0424;3765,93;4821,29;1055,36;167,36999512;1055,36;6,30552602;32051,21
2020-06-01;TLT;buy;2,070369;7,7277;1871,56;2476,82;605,26;163,92999268;605,26;3,69216381;32051,21
2020-07-01;VOO;sell;7,254692;27,0416;9193,17;8974,81;-218,36;300,10000610;218,36;0,72761892;33188,94
2020-07-01;GLD;sell;4,047194;15,0858;5341,52;5006,80;-334,72;185,42999268;334,72;1,80510509;33188,94
2020-07-01;AAPL;buy;13,433393;50,0725;16070,60;16618,52;547,92;129,03999329;547,92;4,24609020;33188,94
2020-08-01;VOO;sell;7,273769;27,0621;9600,45;9110,52;-489,93;321,01998901;489,93;1,52616838;33665,26
2020-08-01;AAPL;buy;13,433393;49,9790;16618,52;16825,55;207,04;129,03999329;207,04;1,60443654;33665,26
2020-08-01;GLD;buy;4,062583;15,1148;4990,60;5088,45;97,85;184,83000183;97,85;0,52940616;33665,26
2020-08-01;TLT;buy;2,108344;7,8441;2450,53;2640,74;190,21;162,19000244;190,21;1,17274522;33665,26
2020-09-01;VOO;sell;7,273122;26,9497;8731,08;8566,89;-164,19;307,64999390;164,19;0,53369634;31788,39
2020-09-01;GLD;sell;4,070725;15,0836;4876,19;4794,84;-81,36;177,11999512;81,36;0,45932708;31788,39
2020-09-01;TLT;sell;2,124060;7,8705;2658,16;2501,89;-156,26;163,25999451;156,26;0,95714501;31788,39
2020-09-01;AAPL;buy;13,519820;50,0962;15522,96;15924,77;401,81;119,05000305;401,81;3,37514629;31788,39
2020-10-01;AAPL;sell;13,519820;50,0872;15924,77;15756,56;-168,21;119,05000305;168,21;1,41292479;31458,25
2020-10-01;GLD;sell;4,077209;15,1049;4769,93;4751,75;-18,18;176,19999695;18,18;0,10320183;31458,25
2020-10-01;VOO;buy;7,260182;26,8970;8348,85;8461,32;112,47;299,82000732;112,47;0,37510875;31458,25
2020-10-01;TLT;buy;2,135350;7,9109;2414,70;2488,63;73,93;157,57000732;73,93;0,46917402;31458,25
2020-11-01;VOO;sell;7,281708;26,9451;9387,54;8667,20;-720,34;332,64001465;720,34;2,16552677;32166,16
2020-11-01;AAPL;buy;13,519820;50,0285;15756,56;16092,24;335,68;119,05000305;335,68;2,81966557;32166,16
2020-11-01;GLD;buy;4,075047;15,0792;4494,74;4850,41;355,66;166,66999817;355,66;2,13393887;32166,16
2020-11-01;TLT;buy;2,147677;7,9472;2527,32;2556,32;29,00;160,02000427;29,00;0,18120281;32166,16
2020-12-01;VOO;sell;7,310698;26,9265;8955,12;8900,92;-54,19;343,69000244;54,19;0,15768128;33056,43
2020-12-01;GLD;sell;4,081658;15,0334;5190,61;4969,50;-221,11;178,36000061;221,11;1,23966667;33056,43
2020-12-01;AAPL;buy;13,600342;50,0922;16390,97;16558,69;167,72;121,26000214;167,72;1,38316889;33056,43
2020-12-01;TLT;buy;2,157919;7,9480;2519,73;2627,31;107,58;157,72999573;107,58;0,68203492;33056,43
2021-01-01;AAPL;sell;13,600342;50,0401;16558,69;16368,05;-190,64;121,26000214;190,64;1,57213932;32709,87
2021-01-01;VOO;buy;7,331801;26,9761;8810,02;8823,85;13,83;340,17999268;13,83;0,04064238;32709,87
2021-01-01;GLD;buy;4,082914;15,0224;4809,29;4913,80;104,51;172,61000061;104,51;0,60544972;32709,87
2021-01-01;TLT;buy;2,163826;7,9614;2531,87;2604,17;72,31;152,00000000;72,31;0,47569222;32709,87
2021-02-01;AAPL;sell;13,600342;50,0078;16368,05;16249,70;-118,35;121,26000214;118,35;0,97601143;32494,37
2021-02-01;VOO;sell;7,358213;27,0558;9067,93;8791,60;-276,33;349,58999634;276,33;0,79043785;32494,37
2021-02-01;GLD;buy;4,074722;14,9825;4606,35;4868,48;262,13;161,80999756;262,13;1,61999886;32494,37
2021-02-01;TLT;buy;2,163189;7,9539;2452,03;2584,58;132,55;143,11999512;132,55;0,92613406;32494,37
2021-03-01;AAPL;sell;13,676034;50,1102;16698,63;16596,01;-102,62;124,61000061;102,62;0,82350531;33119,05
2021-03-01;VOO;sell;7,394465;27,0940;9161,53;8973,26;-188,27;364,29998779;188,27;0,51680582;33119,05
2021-03-01;GLD;buy;4,064651;14,8932;4812,82;4932,50;119,68;159,96000671;119,68;0,74816582;33119,05
2021-03-01;TLT;buy;2,156786;7,9027;2446,07;2617,28;171,21;135,44999695;171,21;1,26402913;33119,05
2021-04-01;VOO;sell;7,443092;27,2335;9447,91;9213,41;-234,50;383,57000732;234,50;0,61137305;33831,10
2021-04-01;GLD;sell;4,058873;14,8510;5108,26;5024,26;-84,00;165,66000366;84,00;0,50705178;33831,10
2021-04-01;TLT;sell;2,152612;7,8762;2678,92;2664,60;-14,32;138,63999939;14,32;0,10328046;33831,10
2021-04-01;AAPL;buy;13,676034;50,0393;16596,01;16928,83;332,82;124,61000061;332,82;2,67090416;33831,10
2021-05-01;GLD;sell;4,062352;14,8394;5410,04;5086,14;-323,90;178,38000488;323,90;1,81580734;34274,53
2021-05-01;AAPL;buy;13,676034;49,9574;16928,83;17122,65;193,82;124,61000061;193,82;1,55540756;34274,53
2021-05-01;VOO;buy;7,488874;27,3562;9274,90;9376,21;101,31;386,13000488;101,31;0,26238144;34274,53
2021-05-01;TLT;buy;2,148156;7,8470;2660,76;2689,53;28,77;138,44000244;28,77;0,20782315;34274,53
2021-06-01;AAPL;sell;13,761788;50,0416;20862,95;18988,56;-1874,39;151,83000183;1874,39;12,34533663;37945,55
2021-06-01;VOO;buy;7,535800;27,4022;9555,66;10397,92;842,26;393,51998901;842,26;2,14032684;37945,55
2021-06-01;GLD;buy;4,055459;14,7467;4722,60;5595,73;873,13;165,63000488;873,13;5,27159754;37945,55
2021-06-01;TLT;buy;2,147657;7,8095;2804,35;2963,34;159,00;144,35000610;159,00;1,10146419;37945,55
2021-07-01;VOO;sell;7,585474;27,5345;10652,37;10586,38;-65,99;403,14999390;65,99;0,16368806;38447,70
2021-07-01;GLD;sell;4,051376;14,7061;5737,29;5654,15;-83,14;169,82000732;83,14;0,48958983;38447,70
2021-07-01;TLT;sell;2,150345;7,8055;3069,48;3001,05;-68,43;149,52000427;68,43;0,45766577;38447,70
2021-07-01;AAPL;buy;13,761788;49,9539;18988,56;19206,12;217,56;151,83000183;217,56;1,43293931;38447,70
2021-08-01;VOO;sell;7,639157;27,6782;10898,86;10723,09;-175,77;415,04998779;175,77;0,42350160;38742,00
2021-08-01;AAPL;buy;13,761788;49,8617;19206,12;19317,43;111,31;151,83000183;111,31;0,73312971;38742,00
2021-08-01;GLD;buy;4,046694;14,6620;5649,82;5680,35;30,52;169,69000244;30,52;0,17988648;38742,00
2021-08-01;TLT;buy;2,152266;7,7981;2987,20;3021,14;33,94;148,83000183;33,94;0,22803406;38742,00
2021-09-01;AAPL;sell;13,847424;49,9764;21031,23;19814,45;-1216,77;165,30000305;1216,77;7,36100192;39647,64
2021-09-01;VOO;buy;7,672162;27,6894;10189,58;10978,19;788,61;394,39999390;788,61;1,99952144;39647,64
2021-09-01;GLD;buy;4,037403;14,5713;5497,24;5777,17;279,93;164,22000122;279,93;1,70461356;39647,64
2021-09-01;TLT;buy;2,150947;7,7629;2929,59;3077,82;148,23;144,32000732;148,23;1,02709776;39647,64
2021-10-01;VOO;sell;7,721483;27,8250;11750,90;11290,75;-460,15;422,16000366;460,15;1,08998560;40577,70
2021-10-01;AAPL;buy;13,847424;49,9004;19814,45;20248,42;433,96;165,30000305;433,96;2,62531294;40577,70
2021-10-01;GLD;buy;4,029631;14,5211;5862,66;5892,33;29,68;166,64999390;26,18;0,15712026;40577,70
2021-11-01;AAPL;sell;13,847424;49,8355;20248,42;20201,97;-46,45;165,30000305;46,45;0,28100655;40537,32
2021-11-01;TLT;sell;2,154455;7,7537;3232,86;3143,13;-89,73;151,58999634;89,73;0,59193614;40537,32
2021-11-01;VOO;buy;7,763771;27,9410;11207,84;11326,54;118,70;419,05999756;118,70;0,28325927;40537,32
2021-11-01;GLD;buy;4,020628;14,4698;5848,20;5865,68;17,48;165,50000000;17,48;0,10561541;40537,32
2021-12-01;VOO;sell;7,813557;27,9962;11799,81;11509,67;-290,14;436,57000732;290,14;0,66459223;41111,61
2021-12-01;GLD;sell;4,015286;14,3869;6059,20;5914,67;-144,53;170,96000671;144,53;0,84538451;41111,61
2021-12-01;AAPL;buy;13,925668;49,8960;20179,97;20513,05;333,08;165,11999512;333,08;2,01718446;41111,61
2021-12-01;TLT;buy;2,154881;7,7210;3072,63;3174,22;101,59;148,19000244;101,59;0,68554212;41111,61
2022-01-01;AAPL;sell;13,925668;49,8635;20513,05;20087,46;-425,58;165,11999512;425,58;2,57742475;40284,88
2022-01-01;GLD;sell;4,007458;14,3495;5815,38;5780,67;-34,71;168,08999634;34,71;0,20649403;40284,88
2022-01-01;VOO;buy;7,843066;28,0836;10906,47;11313,45;406,98;413,69000244;406,98;0,98378116;40284,88
2022-01-01;TLT;buy;2,151368;7,7034;3049,99;3103,30;53,31;142,38999939;53,31;0,37441894;40284,88
2022-02-01;AAPL;sell;13,925668;49,8445;20087,46;20060,72;-26,74;165,11999512;26,74;0,16197126;40246,63
2022-02-01;GLD;sell;4,006407;14,3402;6134,54;5771,46;-363,09;178,38000488;363,09;2,03547193;40246,63
2022-02-01;VOO;buy;7,860101;28,1338;10976,25;11322,92;346,67;401,35998535;346,67;0,86374811;40246,63
2022-02-01;TLT;buy;2,146070;7,6815;3048,38;3091,54;43,16;139,86999512;43,16;0,30855979;40246,63
2022-03-01;VOO;sell;7,883488;28,1416;11712,52;10851,27;-861,25;415,17001343;861,25;2,07444773;38559,61
2022-03-01;GLD;sell;4,006370;14,3015;5844,90;5514,59;-330,31;180,64999390;330,31;1,82845044;38559,61
2022-03-01;AAPL;buy;13,988331;49,9339;18082,83;19254,32;1171,49;148,83999634;1171,49;7,87081444;38559,61
2022-03-01;TLT;buy;2,135499;7,6231;2919,35;2939,42;20,07;132,08000183;20,07;0,15192352;38559,61
2022-04-01;AAPL;sell;13,988331;49,9841;19254,32;18599,66;-654,67;148,83999634;654,67;4,39844857;37211,15
2022-04-01;GLD;sell;4,003304;14,3049;5400,42;5323,01;-77,41;176,91000366;77,41;0,43756906;37211,15
2022-04-01;VOO;buy;7,878006;28,1503;9898,06;10475,03;576,97;378,70001221;576,97;1,52355898;37211,15
2022-04-01;TLT;buy;2,115921;7,5608;2658,34;2813,45;155,10;119,44999695;155,10;1,29848148;37211,15
2022-05-01;AAPL;sell;13,988331;50,0483;18599,66;18516,14;-83,52;148,83999634;83,52;0,56112401;36996,58
2022-05-01;VOO;sell;7,871009;28,1613;10502,14;10418,73;-83,40;379,67999268;83,40;0,21967129;36996,58
2022-05-01;GLD;buy;3,995915;14,2968;5149,40;5289,33;139,93;171,13999939;139,93;0,81763642;36996,58
2022-05-01;TLT;buy;2,094433;7,4936;2745,38;2772,37;26,99;116,55999756;26,99;0,23157337;36996,58
2022-06-01;AAPL;sell;14,049150;50,2741;19558,64;18609,45;-949,18;157,22000122;949,18;6,03730254;37015,99
2022-06-01;VOO;buy;7,837639;28,0466;9518,68;10381,71;863,03;346,88000488;863,03;2,48798729;37015,99
2022-06-01;GLD;buy;3,986354;14,2649;5206,50;5280,31;73,81;168,46000671;73,81;0,43813368;37015,99
2022-06-01;TLT;buy;2,071964;7,4144;2732,17;2744,52;12,34;114,87000275;12,34;0,10745771;37015,99
2022-07-01;VOO;sell;7,826509;28,0510;11336,74;10630,08;-706,65;378,79000854;706,65;1,86555676;37895,52
2022-07-01;TLT;sell;2,051777;7,3538;2805,68;2786,75;-18,93;117,43000031;18,93;0,16116734;37895,52
2022-07-01;AAPL;buy;14,049150;50,3536;18609,45;19081,77;472,32;157,22000122;472,32;3,00416863;37895,52
2022-07-01;GLD;buy;3,973533;14,2416;5143,65;5396,91;253,26;164,10000610;253,26;1,54335611;37895,52
2022-08-01;AAPL;sell;14,049150;50,4704;19081,77;18757,85;-323,92;157,22000122;323,92;2,06026612;37166,05
2022-08-01;VOO;buy;7,802461;28,0297;10191,17;10417,53;226,36;363,14999390;226,36;0,62331283;37166,05
2022-08-01;GLD;buy;3,957141;14,2157;5238,06;5283,41;45,35;159,27000427;45,35;0,28473659;37166,05
2022-08-01;TLT;buy;2,027664;7,2842;2655,05;2707,26;52,21;111,87999725;52,21;0,46665173;37166,05
2022-09-01;AAPL;sell;14,098843;50,7450;17661,40;17602,96;-58,43;148,02999878;58,43;0,39474704;34689,09
2022-09-01;GLD;sell;3,937379;14,1715;5130,82;4915,97;-214,85;154,66999817;214,85;1,38905575;34689,09
2022-09-01;VOO;buy;7,751162;27,8982;9417,80;9677,63;259,83;328,29998779;259,83;0,79144421;34689,09
2022-09-01;TLT;buy;1,996347;7,1853;2479,07;2492,52;13,45;102,44999695;13,45;0,13126920;34689,09
2022-10-01;VOO;sell;7,719468;27,8740;10463,22;9820,78;-642,45;354,95001221;642,45;1,80996031;35232,71
2022-10-01;AAPL;buy;14,098843;50,9092;17602,96;17936,68;333,71;148,02999878;333,71;2,25434990;35232,71
2022-10-01;GLD;buy;3,915658;14,1390;4828,25;4981,54;153,28;151,91000366;153,28;1,00904337;35232,71
2022-10-01;TLT;buy;1,960151;7,0779;2338,27;2493,72;155,45;96,11000061;155,45;1,61742003;35232,71
2022-11-01;VOO;sell;7,700140;27,8665;10361,41;10134,52;-226,89;374,48999023;226,89;0,60586066;36368,14
2022-11-01;GLD;sell;3,902991;14,1248;5404,56;5136,91;-267,65;164,80999756;267,65;1,62398220;36368,14
2022-11-01;TLT;sell;1,930285;6,9856;2665,49;2540,54;-124,95;102,73000336;124,95;1,21626949;36368,14
2022-11-01;AAPL;buy;14,098843;51,0231;17936,68;18556,16;619,48;148,02999878;619,48;4,18485868;36368,14
2022-12-01;AAPL;sell;14,142474;51,2448;18478,44;18312,88;-165,56;147,41000366;165,56;1,12314323;35736,08
2022-12-01;GLD;sell;3,893328;14,1073;5287,46;5041,41;-246,05;169,63999939;246,05;1,45039522;35736,08
2022-12-01;VOO;buy;7,663739;27,7693;9508,03;9923,66;415,63;351,33999634;411,61;1,17153639;35736,08
2023-01-01;VOO;sell;7,641388;27,7400;10543,61;10219,03;-324,57;373,44000244;324,57;0,86914341;36838,59
2023-01-01;GLD;sell;3,889473;14,1197;5331,76;5201,50;-130,26;179,41000366;130,26;0,72606552;36838,59
2023-01-01;TLT;sell;1,873102;6,7998;2650,34;2504,95;-145,39;107,16999817;145,39;1,35666078;36838,59
2023-01-01;AAPL;buy;14,142474;51,3405;18312,88;18913,11;600,23;147,41000366;600,23;4,07183810;36838,59
2023-02-01;AAPL;sell;14,142474;51,4694;18913,11;18619,80;-293,31;147,41000366;293,31;1,98978092;36176,46
2023-02-01;VOO;buy;7,611702;27,7016;9963,72;10021,47;57,75;364,10998535;57,75;0,15859804;36176,46
2023-02-01;GLD;buy;3,879309;14,1182;4922,30;5107,45;185,15;169,77999878;185,15;1,09050497;36176,46
2023-02-01;TLT;buy;1,843973;6,7109;2377,33;2427,75;50,42;101,70999908;50,42;0,49572855;36176,46
2023-03-01;AAPL;sell;14,195293;51,6562;22388,97;21070,73;-1318,24;177,25000000;1318,24;7,43718934;40790,36
2023-03-01;VOO;buy;7,588926;27,6158;10350,65;11264,60;913,95;376,07000732;913,95;2,43026580;40790,36
2023-03-01;GLD;buy;3,877061;14,1085;5511,76;5754,90;243,14;183,22000122;243,14;1,32705179;40790,36
2023-03-01;TLT;buy;1,819070;6,6195;2538,98;2700,13;161,15;106,37000275;161,15;1,51498826;40790,36
2023-04-01;VOO;sell;7,568619;27,5886;11443,72;11317,23;-126,48;382,04998779;126,48;0,33106407;41021,39
2023-04-01;TLT;sell;1,794654;6,5417;2702,42;2683,52;-18,90;106,45999908;18,90;0,17751385;41021,39
2023-04-01;AAPL;buy;14,195293;51,7437;21070,73;21225,99;155,26;177,25000000;145,38;0,82020394;41021,39
2023-05-01;VOO;sell;7,548218;27,5652;11371,74;11277,06;-94,68;383,89001465;94,68;0,24663797;40910,53
2023-05-01;GLD;buy;3,871676;14,1389;5726,63;5784,29;57,66;182,32000732;57,66;0,31626169;40910,53
2023-05-01;TLT;buy;1,767987;6,4565;2596,05;2641,38;45,33;102,98999786;37,02;0,35946229;40910,53
2023-06-01;AAPL;sell;14,246883;52,0074;22487,28;22227,45;-259,84;187,86999512;259,84;1,38306034;42739,04
2023-06-01;VOO;sell;7,539981;27,5242;11964,16;11763,59;-200,56;407,27999878;200,56;0,49244321;42739,04
2023-06-01;GLD;buy;3,865360;14,1103;5655,80;6030,59;374,79;178,27000427;374,79;2,10234949;42739,04
2023-06-01;TLT;buy;1,741745;6,3581;2631,79;2717,40;85,61;102,94000244;85,61;0,83166848;42739,04
2023-07-01;VOO;sell;7,537369;27,5498;12150,63;11898,17;-252,46;420,67999268;252,46;0,60012479;43187,80
2023-07-01;GLD;sell;3,861067;14,1126;6168,61;6094,92;-73,69;182,35000610;73,69;0,40412603;43187,80
2023-07-01;AAPL;buy;14,246883;52,0738;22227,45;22489,52;262,07;187,86999512;262,07;1,39497694;43187,80
2023-07-01;TLT;buy;1,713712;6,2638;2641,11;2705,19;64,08;100,05000305;64,08;0,64046541;43187,80
2023-08-01;AAPL;sell;14,246883;52,1583;22489,52;22336,26;-153,26;187,86999512;153,26;0,81578913;42823,98
2023-08-01;VOO;buy;7,529255;27,5648;11704,43;11804,36;99,94;413,82998657;99,94;0,24148808;42823,98
2023-08-01;GLD;buy;3,855110;14,1137;6017,04;6044,04;27,00;180,02000427;27,00;0,14999930;42823,98
2023-08-01;TLT;buy;1,683452;6,1632;2612,99;2639,32;26,32;96,63999939;26,32;0,27239671;42823,98
2023-09-01;AAPL;sell;14,293634;52,3717;22583,56;21977,08;-606,47;189,94999695;606,47;3,19281064;41963,70
2023-09-01;VOO;buy;7,508071;27,5095;11201,64;11543,98;342,35;392,70001221;342,35;0,87177305;41963,70
2023-09-01;GLD;buy;3,843936;14,0841;5756,31;5910,22;153,91;171,44999695;153,91;0,89769047;41963,70
2023-09-01;TLT;buy;1,647053;6,0348;2422,20;2532,42;110,22;88,69000244;110,22;1,24275628;41963,70
2023-10-01;GLD;sell;3,839698;14,1055;6345,94;5924,71;-421,23;184,08999634;421,23;2,28817894;42002,76
2023-10-01;AAPL;buy;14,293634;52,5091;21977,08;22055,29;78,21;189,94999695;78,21;0,41175045;42002,76
2023-10-01;VOO;buy;7,481112;27,4826;11293,23;11543,47;250,24;384,17001343;250,24;0,65137075;42002,76
2023-10-01;TLT;buy;1,606782;5,9027;2386,51;2479,29;92,78;83,58000183;92,78;1,11009505;42002,76
2023-11-01;VOO;sell;7,471926;27,4931;12602,05;11945,22;-656,83;419,39999390;656,83;1,56612691;43448,04
2023-11-01;TLT;sell;1,574300;5,7927;2716,00;2516,80;-199,20;91,55999756;199,20;2,17564436;43448,04
2023-11-01;AAPL;buy;14,293634;52,5937;22055,29;22850,95;795,66;189,94999695;795,66;4,18877036;43448,04
2023-11-01;GLD;buy;3,837583;14,1205;6074,69;6135,07;60,38;188,75000000;60,38;0,31988710;43448,04
2023-12-01;VOO;sell;7,469813;27,4771;12440,80;11847,22;-593,58;436,79998779;593,58;1,35892108;43116,74
2023-12-01;GLD;sell;3,836331;14,1116;6213,73;6084,47;-129,25;191,16999817;129,25;0,67612028;43116,74
2023-12-01;TLT;sell;1,548294;5,6953;2718,01;2455,61;-262,40;98,87999725;262,40;2,65371812;43116,74
2023-12-01;AAPL;buy;14,331166;52,7160;21744,19;22729,42;985,23;180,75000000;985,23;5,45078985;43116,74
2024-01-01;VOO;sell;7,469247;27,5063;12037,63;11873,20;-164,43;443,82000732;164,43;0,37049063;43165,43
2024-01-01;AAPL;buy;14,331166;52,7760;22729,42;22780,98;51,56;180,75000000;51,56;0,28522875;43165,43
2024-01-01;GLD;buy;3,833271;14,1164;5997,90;6093,41;95,51;188,44999695;95,51;0,50680137;43165,43
2024-01-01;TLT;buy;1,521034;5,6014;2400,48;2417,85;17,37;96,66000366;17,37;0,17969525;43165,43
2024-02-01;VOO;sell;7,477280;27,5599;12491,44;12057,29;-434,15;466,92999268;434,15;0,92979620;43749,45
2024-02-01;AAPL;buy;14,331166;52,8220;22780,98;23109,34;328,37;180,75000000;328,37;1,81668220;43749,45
2024-02-01;GLD;buy;3,830281;14,1177;6121,22;6176,42;55,20;189,30999756;55,20;0,29159918;43749,45
2024-02-01;TLT;buy;1,492319;5,5004;2355,82;2406,40;50,58;94,18000031;50,58;0,53707563;43749,45
2024-03-01;AAPL;sell;14,368305;52,9085;24579,65;24402,43;-177,22;192,25000000;177,22;0,92180991;46121,97
2024-03-01;GLD;sell;3,834888;14,1212;6711,81;6512,99;-198,82;205,72000122;198,82;0,96647644;46121,97
2024-03-01;VOO;buy;7,489214;27,5776;12412,87;12719,32;306,45;480,70001221;306,45;0,63750725;46121,97
2024-03-01;TLT;buy;1,464499;5,3927;2417,64;2487,23;69,59;94,62000275;69,59;0,73548663;46121,97
2024-04-01;AAPL;sell;14,368305;52,9554;24402,43;24168,09;-234,34;192,25000000;234,34;1,21892151;45638,55
2024-04-01;GLD;sell;3,841728;14,1590;6707,69;6461,95;-245,75;211,86999512;245,75;1,15989121;45638,55
2024-04-01;VOO;buy;7,490771;27,6078;12209,43;12599,79;390,36;461,42999268;390,36;0,84597470;45638,55
2024-04-01;TLT;buy;1,432024;5,2778;2319,00;2408,73;89,73;88,22000122;89,73;1,01706761;45638,55
2024-05-01;VOO;sell;7,500249;27,6557;13233,02;12842,58;-390,44;484,61999512;390,44;0,80565775;46437,28
2024-05-01;TLT;sell;1,402003;5,1696;2469,61;2400,63;-68,98;90,44999695;68,98;0,76264768;46437,28
2024-05-01;AAPL;buy;14,368305;52,9804;24168,09;24602,66;434,57;192,25000000;434,57;2,26043737;46437,28
2024-05-01;GLD;buy;3,849478;14,1942;6566,56;6591,41;24,85;215,30000305;24,85;0,11542150;46437,28
2024-06-01;AAPL;sell;14,413452;53,0739;29305,64;27374,30;-1931,34;229,00000000;1931,34;8,43381083;51577,70
2024-06-01;VOO;buy;7,513798;27,6677;13253,60;14270,34;1016,75;500,13000488;1016,75;2,03296593;51577,70
2024-06-01;GLD;buy;3,856477;14,2005;6582,53;7324,29;741,76;215,00999451;741,76;3,44988625;51577,70
2024-06-01;TLT;buy;1,373599;5,0579;2435,93;2608,77;172,84;91,77999878;172,84;1,88314880;51577,70
2024-07-01;GLD;sell;3,867705;14,2422;7717,40;7437,62;-279,78;226,55000305;279,78;1,23494441;52222,43
2024-07-01;TLT;sell;1,348068;4,9640;2694,89;2592,34;-102,55;94,80999756;102,55;1,08159952;52222,43
2024-07-01;AAPL;buy;14,413452;53,0752;27374,30;27717,17;342,87;229,00000000;342,87;1,49726866;52222,43
2024-07-01;VOO;buy;7,527422;27,7185;14435,84;14475,29;39,45;505,92999268;39,45;0,07797242;52222,43
2024-08-01;VOO;sell;7,543371;27,7726;14821,77;14655,73;-166,04;518,03997803;166,04;0,32051094;52770,46
2024-08-01;GLD;sell;3,880122;14,2855;7593,24;7538,54;-54,70;231,28999329;54,70;0,23648188;52770,46
2024-08-01;TLT;sell;1,324249;4,8755;2638,28;2572,83;-65,45;96,48999786;65,45;0,67826164;52770,46
2024-08-01;AAPL;buy;14,413452;53,0663;27717,17;28003,35;286,18;229,00000000;286,18;1,24968925;52770,46
2024-09-01;AAPL;sell;14,455959;53,1179;29021,99;28942,94;-79,05;237,33000183;79,05;0,33306090;54488,09
2024-09-01;GLD;sell;3,896312;14,3169;7922,17;7800,99;-121,18;243,05999756;121,18;0,49857066;54488,09
2024-09-01;VOO;buy;7,560546;27,7810;14928,17;15137,32;209,15;527,66998291;200,23;0,37945673;54488,09
2024-10-01;GLD;sell;3,915478;14,3839;8136,38;7843,48;-292,89;253,50999451;292,89;1,15535679;54529,48
2024-10-01;AAPL;buy;14,455959;53,1055;28942,94;28958,17;15,23;237,33000183;15,23;0,06415584;54529,48
2024-10-01;VOO;buy;7,573733;27,8229;14985,05;15171,70;186,65;522,66998291;186,65;0,35710796;54529,48
2024-10-01;TLT;buy;1,276023;4,6876;2465,11;2556,13;91,02;92,44999695;91,02;0,98451895;54529,48
2024-11-01;VOO;sell;7,595336;27,8893;16065,16;15400,46;-664,69;553,45001221;664,69;1,20100101;55219,92
2024-11-01;TLT;sell;1,251632;4,5959;2598,16;2537,84;-60,32;93,97000122;60,32;0,64190116;55219,92
2024-11-01;AAPL;buy;14,455959;53,0809;28958,17;29311,21;353,04;237,33000183;353,04;1,48755182;55219,92
2024-11-01;GLD;buy;3,930919;14,4339;7598,44;7970,41;371,97;245,58999634;371,97;1,51460891;55219,92
2024-12-01;AAPL;sell;14,494739;53,1500;29868,21;29273,90;-594,31;241,83999634;594,31;2,45745794;55077,93
2024-12-01;VOO;buy;7,609732;27,9037;14993,09;15368,79;375,70;538,80999756;375,70;0,69727621;55077,93
2024-12-01;GLD;buy;3,944316;14,4632;7858,12;7966,03;107,91;242,13000488;107,91;0,44565384;55077,93
2024-12-01;TLT;buy;1,222613;4,4831;2358,51;2469,22;110,71;87,33000183;110,71;1,26767498;55077,93
2025-01-01;VOO;sell;7,626794;27,9587;15782,95;15669,42;-113,53;553,33001709;113,53;0,20516953;56044,80
2025-01-01;GLD;sell;3,962736;14,5268;8506,57;8141,53;-365,04;258,55999756;365,04;1,41182151;56044,80
2025-01-01;TLT;sell;1,194473;4,3788;2481,37;2454,07;-27,30;87,76000214;27,30;0,31110803;56044,80
2025-01-01;AAPL;buy;14,494739;53,1357;29273,90;29779,77;505,87;241,83999634;505,87;2,09175437;56044,80
2025-02-01;GLD;sell;3,981868;14,5929;8289,84;8190,31;-99,53;263,26998901;99,53;0,37804411;56125,46
2025-02-01;TLT;sell;1,170392;4,2893;2584,66;2407,38;-177,28;92,43000031;177,28;1,91798115;56125,46
2025-02-01;AAPL;buy;14,494739;53,1207;29779,77;29814,26;34,49;241,83999634;34,49;0,14260525;56125,46
2025-02-01;VOO;buy;7,639407;27,9971;15471,19;15713,51;242,32;546,33001709;242,32;0,44353963;56125,46
2025-03-01;VOO;sell;7,639405;27,9746;14781,05;14232,61;-548,44;513,90997314;548,44;1,06718657;50876,96
2025-03-01;GLD;sell;4,007949;14,6766;8964,02;7467,02;-1497,00;288,14001465;1497,00;5,19538905;50876,96
2025-03-01;TLT;sell;1,145738;4,1956;2370,92;2134,57;-236,35;91,02999878;236,35;2,59637481;50876,96
2025-03-01;AAPL;buy;14,515298;53,1533;24760,97;27042,76;2281,79;200,85000610;2281,79;11,36064340;50876,96
2025-04-01;GLD;sell;4,037521;14,7843;7872,06;7559,18;-312,88;303,76998901;312,88;1,03000059;51129,94
2025-04-01;AAPL;buy;14,515298;53,1509;27042,76;27176,02;133,26;200,85000610;133,26;0,66345928;51129,94
2025-04-01;VOO;buy;7,636417;27,9624;14117,12;14297,15;180,02;509,73999023;179,63;0,35239038;51129,94
2025-05-01;VOO;sell;7,642480;27,9773;15194,82;14533,89;-660,93;541,76000977;660,93;1,21996384;51948,97
2025-05-01;AAPL;buy;14,515298;53,1370;27176,02;27604,10;428,09;200,85000610;428,09;2,13138070;51948,97
2025-05-01;GLD;buy;4,065934;14,8844;7554,95;7732,29;177,34;303,60000610;177,34;0,58412186;51948,97
2025-05-01;TLT;buy;1,093054;4,0014;2023,19;2078,69;55,50;86,27999878;55,50;0,64325911;51948,97
2025-06-01;AAPL;sell;14,541876;53,1539;31904,49;30315,21;-1589,27;232,13999939;1589,27;6,84618980;57032,90
2025-06-01;VOO;buy;7,654841;27,9802;15238,65;15957,92;719,28;568,03002930;719,28;1,26626637;57032,90
2025-06-01;GLD;buy;4,093602;14,9631;7763,61;8533,87;770,25;304,82998657;770,25;2,52682292;57032,90
2025-06-01;TLT;buy;1,067738;3,9028;2126,15;2225,90;99,75;88,25000000;99,75;1,13026374;57032,90
2025-07-01;VOO;sell;7,669110;28,0175;16322,86;16057,37;-265,49;581,02001953;265,49;0,45693580;57311,93
2025-07-01;TLT;sell;1,041897;3,8064;2192,35;2181,49;-10,86;86,91999817;10,86;0,12488869;57311,93
2025-07-01;AAPL;buy;14,541876;53,1257;30315,21;30447,37;132,16;232,13999939;132,16;0,56930193;57311,93
2025-07-01;GLD;buy;4,119694;15,0504;8481,51;8625,70;144,19;302,95999146;144,19;0,47592563;57311,93
2025-08-01;VOO;sell;7,684813;28,0552;16390,66;16290,91;-99,75;593,08001709;99,75;0,16819536;58067,40
2025-08-01;GLD;sell;4,148806;15,1462;9055,90;8794,99;-260,92;318,07000732;260,92;0,82031598;58067,40
2025-08-01;TLT;sell;1,016291;3,7102;2173,46;2154,42;-19,04;86,59999847;19,04;0,21990971;58067,40
2025-08-01;AAPL;buy;14,541876;53,0885;30447,37;30827,09;379,72;232,13999939;379,72;1,63571724;58067,40
2025-09-01;AAPL;sell;14,576881;53,0844;37029,95;34984,44;-2045,51;278,85000610;2045,51;7,33552244;65903,47
2025-09-01;VOO;buy;7,703767;28,0547;16821,05;18489,00;1667,96;612,38000488;1667,96;2,72372571;65903,47
2025-09-01;GLD;buy;4,185994;15,2441;9829,14;10046,36;217,23;355,47000122;217,23;0,61109777;65903,47
2025-09-01;TLT;buy;0,993193;3,6169;2223,33;2383,66;160,33;89,37000275;160,33;1,79398437;65903,47
2025-10-01;VOO;sell;7,724508;28,0918;18931,62;18745,16;-186,46;627,03997803;186,46;0,29735992;66728,14
2025-10-01;GLD;sell;4,224771;15,3643;10403,88;10252,30;-151,58;368,11999512;151,58;0,41175775;66728,14
2025-10-01;TLT;sell;0,971178;3,5319;2408,20;2356,77;-51,43;90,29000092;51,43;0,56956871;66728,14
2025-10-01;AAPL;buy;14,576881;53,0120;34984,44;35373,90;389,46;278,85000610;389,46;1,39666189;66728,14
2025-11-01;GLD;sell;4,266486;15,4940;10802,63;10430,16;-372,46;387,88000488;372,46;0,96025742;67317,33
2025-11-01;TLT;sell;0,949501;3,4482;2354,68;2321,22;-33,46;90,20999908;33,46;0,37093264;67317,33
2025-11-01;AAPL;buy;14,576881;52,9369;35373,90;35635,71;261,81;278,85000610;261,81;0,93890184;67317,33
2025-11-01;VOO;buy;7,743460;28,1209;18786,12;18930,23;144,11;628,40997314;144,11;0,22933071;67317,33
2025-12-01;VOO;sell;7,760061;28,1180;18891,67;18432,00;-459,67;627,13000488;459,67;0,73297751;65552,22
2025-12-01;GLD;sell;4,308563;15,6118;10656,85;10233,87;-422,98;396,30999756;422,98;1,06729724;65552,22
2025-12-01;TLT;sell;0,926043;3,3555;2242,74;2199,57;-43,17;87,16000366;43,17;0,49525231;65552,22
2025-12-01;AAPL;buy;14,603488;52,9147;33760,96;34686,77;925,82;264,17999268;925,82;3,50450063;65552,22
2026-01-01;GLD;sell;4,358528;15,7678;11489,89;10576,20;-913,70;444,95001221;913,70;2,05348222;67074,65
2026-01-01;AAPL;buy;14,603488;52,8309;34686,77;35436,12;749,35;264,17999268;749,35;2,83651273;67074,65
2026-01-01;VOO;buy;7,776950;28,1346;18699,16;18871,18;172,01;636,21997070;164,35;0,25831793;67074,65
2026-02-01;GLD;sell;4,413584;15,9389;11498,45;10828,33;-670,11;483,75000000;670,11;1,38524903;67936,44
2026-02-01;TLT;sell;0,882943;3,1886;2291,94;2166,22;-125,72;90,81999969;125,72;1,38423116;67936,44
2026-02-01;AAPL;buy;14,603488;52,7380;35436,12;35828,35;392,23;264,17999268;392,23;1,48469933;67936,44
2026-02-01;VOO;buy;7,790596;28,1344;18709,93;19113,53;403,60;631,03997803;403,60;0,63958267;67936,44
2026-03-01;AAPL;sell;14,637216;52,7477;42321,89;38041,89;-4279,99;312,05999756;4279,99;13,71528778;72120,43
2026-03-01;VOO;buy;7,794121;28,0875;18099,15;20256,80;2157,64;597,54998779;2157,64;3,61081578;72120,43
2026-03-01;GLD;buy;4,457742;16,0642;9631,68;11585,60;1953,92;430,29000854;1953,92;4,54094162;72120,43
2026-03-01;TLT;buy;0,860391;3,1006;2067,71;2236,14;168,43;86,69000244;168,43;1,94287613;72120,43
2026-04-01;VOO;sell;7,811401;28,1134;22393,50;20818,23;-1575,27;660,58001709;1575,27;2,38467121;74051,02
2026-04-01;AAPL;buy;14,637216;52,6796;38041,89;39009,77;967,88;312,05999756;967,88;3,10157724;74051,02
2026-04-01;GLD;buy;4,499265;16,1929;11407,09;11991,03;583,94;423,66000366;583,94;1,37833227;74051,02
2026-04-01;TLT;buy;0,837484;3,0141;2208,54;2231,98;23,44;85,62000275;23,44;0,27381110;74051,02
2026-05-01;VOO;sell;7,834548;28,1564;21918,42;21108,80;-809,63;695,48999023;809,63;1,16411268;74969,76
2026-05-01;TLT;sell;0,815100;2,9294;2235,63;2196,14;-39,49;85,76000214;39,49;0,46049681;74969,76
2026-05-01;AAPL;buy;14,637216;52,6044;39009,77;39437,37;427,60;312,05999756;427,60;1,37025839;74969,76
2026-05-01;GLD;buy;4,538227;16,3098;11805,93;12227,44;421,52;417,11999512;421,52;1,01054396;74969,76
2026-05-29;AAPL;sell;14,666484;52,5846;39437,37;39422,52;-14,86;312,05999756;14,86;0,04761325;74969,76
2026-05-29;TLT;sell;0,793143;2,8437;2196,14;2131,92;-64,23;85,76000214;64,23;0,74891296;74969,76
2026-05-29;GLD;buy;4,575904;16,4062;12227,44;12299,72;72,28;417,11999512;72,28;0,17327331;74969,76